By: Ryu_Khan#3747 / Simayi,,,https://discord.gg/5DhwptR,,,,,,,
White fill = tested via salvager,,,,,,,,,,
Grey fill = deduced based on observed trends,,,,,,,,,,
Wood = Work in Progress,,,,,,,,,,
60,,,,,,,,,,
Large Panel - 60 Resilience (Number of Salvage Pulses or Cannon Shots until Large Panel falls off),,,,,,,,,,
Wt (Kg),Metal,Pulses,Salvaged,Falloff (secs),Pulse/Res,Cannon Shot,,,,
16,Steel1,191,30,146.4,3.18,,,,,
16,Steel2,196,30,150.3,3.27,,,,,
16,Steel3,201,30,154.1,3.35,,,,,
16,Steel4,206,30,157.9,3.43,,,,,
16,Steel5,211,30,161.8,3.52,,,,,
16,Steel6,215,30,164.8,3.58,,,,,
16,Steel7,222,30,170.2,3.70,,,,,
16,Steel8,228,30,174.8,3.80,,,,,
16,Steel9,233,30,178.6,3.88,,,,,
16,Steel10,239,30,183.2,3.98,15,,,,
32,Tungsten1,179,30,137.2,2.98,,,,,
32,Tungsten2,185,30,141.8,3.08,,,,,
32,Tungsten3,191,30,146.4,3.18,,,,,
32,Tungsten4,197,30,151.0,3.28,,,,,
32,Tungsten5,203,30,155.6,3.38,,,,,
32,Tungsten6,209,30,160.2,3.48,,,,,
32,Tungsten7,215,30,164.8,3.58,,,,,
32,Tungsten8,221,30,169.4,3.68,,,,,
32,Tungsten9,227,30,174.0,3.78,,,,,
32,Tungsten10,233,30,178.6,3.88,,,,,
10.4,Alum1,177,30,135.7,2.95,,,,,
10.4,Alum2,182,30,139.5,3.03,,,,,
10.4,Alum3,187,30,143.4,3.12,,,,,
10.4,Alum4,192,30,147.2,3.20,,,,,
10.4,Alum5,197,30,151.0,3.28,,,,,
10.4,Alum6,201,30,154.1,3.35,,,,,
10.4,Alum7,206,30,157.9,3.43,,,,,
10.4,Alum8,210,30,161.0,3.50,,,,,
10.4,Alum9,216,30,165.6,3.60,,,,,
10.4,Alum10,219,30,167.9,3.65,14,,,,
12,Titanium1,176,30,134.9,2.93,,,,,
12,Titanium2,179,30,137.2,2.98,,,,,
12,Titanium3,183,30,140.3,3.05,,,,,
12,Titanium4,188,30,144.1,3.13,,,,,
12,Titanium5,193,30,148.0,3.22,,,,,
12,Titanium6,197,30,151.0,3.28,,,,,
12,Titanium7,201,30,154.1,3.35,,,,,
12,Titanium8,204,30,156.4,3.40,,,,,
12,Titanium9,208,30,159.5,3.47,,,,,
12,Titanium10,213,30,163.3,3.55,14,30,106.5,7,15.21428571
20,Copper1,171,30,131.1,2.85,,,,,
20,Copper2,174,30,133.4,2.90,,,,,
20,Copper3,177,30,135.7,2.95,,,,,
20,Copper4,180,30,138.0,3.00,,,,,
20,Copper5,183,30,140.3,3.05,,,,,
20,Copper6,186,30,142.6,3.10,,,,,
20,Copper7,189,30,144.9,3.15,,,,,
20,Copper8,193,30,148.0,3.22,,,,,
20,Copper9,197,30,151.0,3.28,,,,,
20,Copper10,200,30,153.3,3.33,,,,,
18.4,Nickel1,165,30,126.5,2.75,,,,,
18.4,Nickel2,168,30,128.8,2.80,,,,,
18.4,Nickel3,171,30,131.1,2.85,,,,,
18.4,Nickel4,174,30,133.4,2.90,,,,,
18.4,Nickel5,177,30,135.7,2.95,,,,,
18.4,Nickel6,180,30,138.0,3.00,,,,,
18.4,Nickel7,185,30,141.8,3.08,,,,,
18.4,Nickel8,188,30,144.1,3.13,,,,,
18.4,Nickel9,191,30,146.4,3.18,,,,,
18.4,Nickel10,194,30,148.7,3.23,,,,,
15.2,Iron1,165,30,126.5,2.75,,,,,
15.2,Iron2,166,30,127.3,2.77,,,,,
15.2,Iron3,168,30,128.8,2.80,,,,,
15.2,Iron4,170,30,130.3,2.83,,,,,
15.2,Iron5,171,30,131.1,2.85,,,,,
15.2,Iron6,176,30,134.9,2.93,,,,,
15.2,Iron7,180,30,138.0,3.00,,,,,
15.2,Iron8,182,30,139.5,3.03,,,,,
15.2,Iron9,184,30,141.1,3.07,,,,,
15.2,Iron10,187,30,143.4,3.12,12,40,124.6666667,8,15.58333333
22,Silver1,158,30,121.1,2.63,,,,,
22,Silver2,161,30,123.4,2.68,,,,,
22,Silver3,163,30,125.0,2.72,,,,,
22,Silver4,166,30,127.3,2.77,,,,,
22,Silver5,168,30,128.8,2.80,,,,,
22,Silver6,171,30,131.1,2.85,,,,,
22,Silver7,173,30,132.6,2.88,,,,,
22,Silver8,176,30,134.9,2.93,,,,,
22,Silver9,178,30,136.5,2.97,,,,,
22,Silver10,181,30,138.8,3.02,,,,,
13.6,Tin1,155,30,118.8,2.58,,,,,
13.6,Tin2,157,30,120.4,2.62,,,,,
13.6,Tin3,159,30,121.9,2.65,,,,,
13.6,Tin4,161,30,123.4,2.68,,,,,
13.6,Tin5,163,30,125.0,2.72,,,,,
13.6,Tin6,165,30,126.5,2.75,,,,,
13.6,Tin7,168,30,128.8,2.80,,,,,
13.6,Tin8,170,30,130.3,2.83,,,,,
13.6,Tin9,172,30,131.9,2.87,,,,,
13.6,Tin10,174,30,133.4,2.90,,,,,
27.6,Gold1,150,30,115.0,2.50,,,,,
27.6,Gold2,152,30,116.5,2.53,,,,,
27.6,Gold3,154,30,118.1,2.57,,,,,
27.6,Gold4,156,30,119.6,2.60,,,,,
27.6,Gold5,158,30,121.1,2.63,,,,,
27.6,Gold6,160,30,122.7,2.67,,,,,
27.6,Gold7,162,30,124.2,2.70,,,,,
27.6,Gold8,164,30,125.7,2.73,,,,,
27.6,Gold9,166,30,127.3,2.77,,,,,
27.6,Gold10,168,30,128.8,2.80,,,,,
16.8,Bronze1,145,30,111.2,2.42,,,,,
16.8,Bronze2,147,30,112.7,2.45,,,,,
16.8,Bronze3,149,30,114.2,2.48,,,,,
16.8,Bronze4,151,30,115.8,2.52,,,,,
16.8,Bronze5,153,30,117.3,2.55,,,,,
16.8,Bronze6,155,30,118.8,2.58,,,,,
16.8,Bronze7,156,30,119.6,2.60,,,,,
16.8,Bronze8,158,30,121.1,2.63,,,,,
16.8,Bronze9,160,30,122.7,2.67,,,,,
16.8,Bronze10,162,30,124.2,2.70,,,,,
24,Lead1,139,30,106.6,2.32,,,,,
24,Lead2,140,30,107.3,2.33,,,,,
24,Lead3,142,30,108.9,2.37,,,,,
24,Lead4,143,30,109.6,2.38,,,,,
24,Lead5,145,30,111.2,2.42,,,,,
24,Lead6,144,30,110.4,2.40,,,,,
24,Lead7,146,30,111.9,2.43,,,,,
24,Lead8,147,30,112.7,2.45,,,,,
24,Lead9,147,30,112.7,2.45,,,,,
24,Lead10,149,30,114.2,2.48,,,,,
,Hemlock1,,,,,,,,,
,Hemlock2,,,,,,,,,
,Hemlock3,,,,,,,,,
,Hemlock4,,,,,,,,,
,Hemlock5,,,,,,,,,
,Hemlock6,,,,,,,,,
,Hemlock7,,,,,,,,,
,Hemlock8,,,,,,,,,
,Hemlock9,,,,,,,,,
,Hemlock10,156,30,,2.60,10,,,,
,Birch1,,,,,,,,,
,Birch2,,,,,,,,,
,Birch3,,,,,,,,,
,Birch4,,,,,,,,,
,Birch5,,,,,,,,,
,Birch6,,,,,,,,,
,Birch7,,,,,,,,,
,Birch8,,,,,,,,,
,Birch9,,,,,,,,,
,Birch10,,,,,,,,,
,Oak1,,,,,,,,,
,Oak2,,,,,,,,,
,Oak3,,,,,,,,,
,Oak4,,,,,,,,,
,Oak5,,,,,,,,,
,Oak6,,,,,,,,,
,Oak7,,,,,,,,,
,Oak8,,,,,,,,,
,Oak9,,,,,,,,,
,Oak10,,,,,,,,,
,Chestnut1,,,,,,,,,
,Chestnut2,,,,,,,,,
,Chestnut3,,,,,,,,,
,Chestnut4,,,,,,,,,
,Chestnut5,,,,,,,,,
,Chestnut6,,,,,,,,,
,Chestnut7,,,,,,,,,
,Chestnut8,,,,,,,,,
,Chestnut9,,,,,,,,,
,Chestnut10,,,,,,,,,
,Cedar1,,,,,,,,,
,Cedar2,,,,,,,,,
,Cedar3,,,,,,,,,
,Cedar4,,,,,,,,,
,Cedar5,,,,,,,,,
,Cedar6,,,,,,,,,
,Cedar7,,,,,,,,,
,Cedar8,,,,,,,,,
,Cedar9,,,,,,,,,
,Cedar10,,,,,,,,,
,Elm1,,,,,,,,,
,Elm2,,,,,,,,,
,Elm3,,,,,,,,,
,Elm4,,,,,,,,,
,Elm5,,,,,,,,,
,Elm6,,,,,,,,,
,Elm7,,,,,,,,,
,Elm8,,,,,,,,,
,Elm9,,,,,,,,,
,Elm10,,,,,,,,,