,A,B,C,D,E,F,G,H,I,J,K,L,M,N,O,P,Q,R,S,T,U,V
1,,Barrel,,,,,Firing Mechanism,,,,,,Ammo Loader,,,,,,,,,
2,,Material,Power,Overheat Limit,Weight,,Material,Power,Overheat Limit,Rate of Fire,Weight,,Material,Rate of Fire,Capacity,Weight,,,,,,
3,,Tin,75.0%,53.8%,0.241 kg,,Tin,28.6%,21.1%,73.1%,0.241 kg,,Tin,45.2%,44.4%,0.241 kg,,,,,,
4,,Bronze,75.0%,53.8%,0.297 kg,,Iron,35.7%,47.4%,73.1%,0.269 kg,,Iron,48.4%,55.6%,0.269 kg,,,,,,
5,,Lead,75.0%,61.5%,0.425 kg,,Titanium,35.7%,26.3%,73.1%,0.213 kg,,Titanium,48.4%,44.4%,0.213 kg,,,,,,
6,,Aluminium,78.5%,53.8%,0.184 kg,,Copper,42.9%,63.2%,69.2%,0.354 kg,,Copper,54.8%,33.3%,0.354 kg,,,,,,
7,,Iron,78.6%,69.2%,0.269 kg,,Gold,50.0%,63.2%,84.6%,0.489 kg,,Gold,61.3%,66.7%,0.489 kg,,,,,,
8,,Nickel,82.1%,61.5%,0.326 kg,,Nickel,57.1%,42.1%,88.5%,0.326 kg,,Nickel,64.5%,77.8%,0.326 kg,,,,,,
9,,Copper,82.1%,76.9%,0.354 kg,,Tungsten,57.1%,100.0%,100.0%,0.524 kg,,Tungsten,64.5%,100.0%,0.524 kg,,,,,,
10,,Silver,85.7%,69.2%,0.390 kg,,Steel,60.7%,36.8%,76.9%,0.283 kg,,Steel,67.7%,55.6%,0.283 kg,,,,,,
11,,Titanium,89.2%,53.8%,0.213 kg,,Silver,67.9%,52.6%,76.9%,0.390 kg,,Silver,74.2%,55.6%,0.390 kg,,,,,,
12,,Gold,92.9%,76.9%,0.489 kg,,Lead,75.0%,42.1%,96.2%,0.425 kg,,Lead,80.6%,88.9%,0.425 kg,,,,,,
13,,Tungsten,97.5%,100.0%,0.524 kg,,Bronze,89.3%,21.1%,69.2%,0.297 kg,,Bronze,90.3%,44.4%,0.298 kg,,,,,,
14,,Steel,100.0%,61.5%,0.283 kg,,Aluminium,100.0%,21.1%,69.2%,0.184 kg,,Aluminium,100.0%,44.4%,0.184 kg,,,,,,
15,,,,,,,,,,,,,,,,,,,,,,
16,,,,,,,,,,,,,,,,,,,,,,
17,,Cannon Materials Sheet v1.0 - Beta version 0.1.0 by Fallout,,,,,,,,,,,,,,,,,,,,
18,,,,,,,,,,,,,,,,,,,,,,
19,,Notes:,What are the percentages and how were they calculated?,,,,,,,,,,,,,,,,,,,
20,,,Each cannon was crafted with all of the same Q10 metals in every slot but one.  The slot being tested was then compared against the best performer of that slot.,,,,,,,,,,,,,,,,,,,
21,,,"Example: A Lead barrel resulted in 72 power, and a Steel barrel 79 power, which was the highest of all the barrels.  I subtracted the base power (51) from all the results, and was left with 28 from Steel, and 21 for Lead.",,,,,,,,,,,,,,,,,,,
22,,,"So Steel being the highest in the group, it's power of 28 is counted as the 100% mark, and a Lead barrel gained 75% of the highest mark.",,,,,,,,,,,,,,,,,,,
23,,,,,,,,,,,,,,,,,,,,,,
24,,,Why not list the flat numbers?,,,,,,,,,,,,,,,,,,,
25,,,The flat numbers would only matter on cannon blueprints with a base of 51 power. Also they would be misleading because it is impossible to completely isolate the bonus of a single part.,,,,,,,,,,,,,,,,,,,
26,,,"Because each stat is affected by 2 different parts on the cannon, (Power is controlled by both Barrel and Firing Mechanism), there will always be 2 unknown variables in each test.",,,,,,,,,,,,,,,,,,,
27,,,"If you'd like to see the raw numbers, I screenshotted each cannon crafted and provided the data in the other sheets.",,,,,,,,,,,,,,,,,,,
28,,,,,,,,,,,,,,,,,,,,,,
29,,,,,,,,,,,,,,,,,,,,,,
30,,,,,,,,,,,,,,,,,,,,,,
31,,,,,,,,,,,,,,,,,,,,,,
32,,,,,,,,,,,,,,,,,,,,,,
33,,,,,,,,,,,,,,,,,,,,,,
34,,,,,,,,,,,,,,,,,,,,,,
35,,,,,,,,,,,,,,,,,,,,,,
36,,,,,,,,,,,,,,,,,,,,,,
37,,,,,,,,,,,,,,,,,,,,,,
38,,,,,,,,,,,,,,,,,,,,,,
39,,,,,,,,,,,,,,,,,,,,,,
40,,,,,,,,,,,,,,,,,,,,,,
41,,,,,,,,,,,,,,,,,,,,,,
42,,,,,,,,,,,,,,,,,,,,,,
43,,,,,,,,,,,,,,,,,,,,,,
44,,,,,,,,,,,,,,,,,,,,,,
45,,,,,,,,,,,,,,,,,,,,,,
46,,,,,,,,,,,,,,,,,,,,,,
47,,,,,,,,,,,,,,,,,,,,,,
48,,,,,,,,,,,,,,,,,,,,,,
49,,,,,,,,,,,,,,,,,,,,,,
50,,,,,,,,,,,,,,,,,,,,,,
51,,,,,,,,,,,,,,,,,,,,,,
52,,,,,,,,,,,,,,,,,,,,,,
53,,,,,,,,,,,,,,,,,,,,,,
54,,,,,,,,,,,,,,,,,,,,,,
55,,,,,,,,,,,,,,,,,,,,,,
56,,,,,,,,,,,,,,,,,,,,,,
57,,,,,,,,,,,,,,,,,,,,,,
58,,,,,,,,,,,,,,,,,,,,,,
59,,,,,,,,,,,,,,,,,,,,,,
60,,,,,,,,,,,,,,,,,,,,,,
61,,,,,,,,,,,,,,,,,,,,,,
62,,,,,,,,,,,,,,,,,,,,,,
63,,,,,,,,,,,,,,,,,,,,,,
64,,,,,,,,,,,,,,,,,,,,,,
65,,,,,,,,,,,,,,,,,,,,,,
66,,,,,,,,,,,,,,,,,,,,,,
67,,,,,,,,,,,,,,,,,,,,,,
68,,,,,,,,,,,,,,,,,,,,,,
69,,,,,,,,,,,,,,,,,,,,,,
70,,,,,,,,,,,,,,,,,,,,,,
71,,,,,,,,,,,,,,,,,,,,,,
72,,,,,,,,,,,,,,,,,,,,,,
73,,,,,,,,,,,,,,,,,,,,,,
74,,,,,,,,,,,,,,,,,,,,,,
75,,,,,,,,,,,,,,,,,,,,,,
76,,,,,,,,,,,,,,,,,,,,,,
77,,,,,,,,,,,,,,,,,,,,,,
78,,,,,,,,,,,,,,,,,,,,,,
79,,,,,,,,,,,,,,,,,,,,,,
80,,,,,,,,,,,,,,,,,,,,,,
81,,,,,,,,,,,,,,,,,,,,,,
82,,,,,,,,,,,,,,,,,,,,,,
83,,,,,,,,,,,,,,,,,,,,,,
84,,,,,,,,,,,,,,,,,,,,,,
85,,,,,,,,,,,,,,,,,,,,,,
86,,,,,,,,,,,,,,,,,,,,,,
87,,,,,,,,,,,,,,,,,,,,,,
88,,,,,,,,,,,,,,,,,,,,,,
89,,,,,,,,,,,,,,,,,,,,,,
90,,,,,,,,,,,,,,,,,,,,,,
91,,,,,,,,,,,,,,,,,,,,,,
92,,,,,,,,,,,,,,,,,,,,,,
93,,,,,,,,,,,,,,,,,,,,,,
94,,,,,,,,,,,,,,,,,,,,,,
95,,,,,,,,,,,,,,,,,,,,,,
96,,,,,,,,,,,,,,,,,,,,,,
97,,,,,,,,,,,,,,,,,,,,,,
98,,,,,,,,,,,,,,,,,,,,,,
99,,,,,,,,,,,,,,,,,,,,,,
100,,,,,,,,,,,,,,,,,,,,,,
