root_path_id	root_name	component_class	enabled
14451	ShipyardEquip_unityclient	<Transform>	
14451	ShipyardEquip_unityclient	TransformNature	1
14451	ShipyardEquip_unityclient	TransformOffsetsRegistry	1
14451	ShipyardEquip_unityclient	TransformParentHierarchyBehaviour	0
14451	ShipyardEquip_unityclient	TransformChildHierarchyBehaviour	0
14451	ShipyardEquip_unityclient	LocalTransformUpdaterBehaviour	0
14451	ShipyardEquip_unityclient	LocalTransformTeleportBehaviour	0
14451	ShipyardEquip_unityclient	EquippableItemVisualiser	0
14452	ShipyardEquip_unityworker	<Transform>	
14452	ShipyardEquip_unityworker	TransformNature	1
14452	ShipyardEquip_unityworker	TransformOffsetsRegistry	1
14452	ShipyardEquip_unityworker	TransformParentHierarchyBehaviour	0
14452	ShipyardEquip_unityworker	TransformChildHierarchyBehaviour	0
14452	ShipyardEquip_unityworker	LocalTransformUpdaterBehaviour	0
14452	ShipyardEquip_unityworker	LocalTransformTeleportBehaviour	0
14452	ShipyardEquip_unityworker	ParentEntityBehaviour	0
14453	Shipyard_unityclient	<Transform>	
14453	Shipyard_unityclient	ShipBlueprintCraftingBehaviour	0
14453	Shipyard_unityclient	ShipyardVisualizer	0
14453	Shipyard_unityclient	CraftingStationBehaviour	0
14453	Shipyard_unityclient	SalvageableItemVisualiser	0
14453	Shipyard_unityclient	ShipHullEditorVisualizer	0
14453	Shipyard_unityclient	FixedUpdateTransformNature	1
14453	Shipyard_unityclient	Shipyard	1
14453	Shipyard_unityclient	ComponentMaterialColors	1
14453	Shipyard_unityclient	ComponentMaterialProperties	1
14453	Shipyard_unityclient	CraftedItemMaterialVisualizer	0
14453	Shipyard_unityclient	NormalizedItemHealthVisualizer	0
14453	Shipyard_unityclient	ComponentDamage	1
14453	Shipyard_unityclient	ScannableGUID	1
14453	Shipyard_unityclient	PlaceableItem	1
14453	Shipyard_unityclient	BuildingPlacementSpecialRule	0
14453	Shipyard_unityclient	TransformOffsetsRegistry	1
14453	Shipyard_unityclient	TransformParentHierarchyBehaviour	0
14453	Shipyard_unityclient	RelativeParentTransformChildHierarchyBehaviour	0
14453	Shipyard_unityclient	StaticGlobalTransformBehaviour	0
14453	Shipyard_unityclient	StaticLocalTransformBehaviour	0
14453	Shipyard_unityclient	TrackedEntityLoadClientVisualizer	0
14454	Shipyard_unityworker	<Transform>	
14454	Shipyard_unityworker	ShipyardVisualizer	0
14454	Shipyard_unityworker	SalvageableItemVisualiser	0
14454	Shipyard_unityworker	ShipHullEditorVisualizer	0
14454	Shipyard_unityworker	FixedUpdateTransformNature	1
14454	Shipyard_unityworker	Shipyard	1
14454	Shipyard_unityworker	ScannableGUID	1
14454	Shipyard_unityworker	PlaceableItem	1
14454	Shipyard_unityworker	PlayerImportance	1
14454	Shipyard_unityworker	BuildingPlacementSpecialRule	0
14454	Shipyard_unityworker	TransformOffsetsRegistry	1
14454	Shipyard_unityworker	TransformParentHierarchyBehaviour	0
14454	Shipyard_unityworker	RelativeParentTransformChildHierarchyBehaviour	0
14454	Shipyard_unityworker	StaticGlobalTransformBehaviour	0
14454	Shipyard_unityworker	StaticLocalTransformBehaviour	0
14454	Shipyard_unityworker	ParentEntityBehaviour	0
14454	Shipyard_unityworker	PerformanceImpactEstimate	1
14454	Shipyard_unityworker	EmptySpaceQueryBehaviour	0
14695	Shipyard_dome_LOD2	<Transform>	
14695	Shipyard_dome_LOD2	<MeshFilter>	
14695	Shipyard_dome_LOD2	<MeshRenderer>	
17434	shipyard_dome_LOD0	<Transform>	
17434	shipyard_dome_LOD0	<MeshFilter>	
17434	shipyard_dome_LOD0	<MeshRenderer>	
17647	shipyard_dome_LOD1	<Transform>	
17647	shipyard_dome_LOD1	<MeshFilter>	
17647	shipyard_dome_LOD1	<MeshRenderer>	
21360	ShipFrame01_unityclient	<Transform>	
21360	ShipFrame01_unityclient	TransformNature	1
21360	ShipFrame01_unityclient	ParentingMassAdderVisualizer	0
21360	ShipFrame01_unityclient	ShipLiftVisualizer	0
21360	ShipFrame01_unityclient	ShipReclaimVisualizer	0
21360	ShipFrame01_unityclient	ShipControlsVisualizer	0
21360	ShipFrame01_unityclient	SalvageableItemVisualiser	0
21360	ShipFrame01_unityclient	FuelVisualizer	0
21360	ShipFrame01_unityclient	OriginalMassVisualizer	0
21360	ShipFrame01_unityclient	ShipControlInputVisualizer	0
21360	ShipFrame01_unityclient	LightningGeneratorVisualizer	0
21360	ShipFrame01_unityclient	LightningStrikableVisualizer	0
21360	ShipFrame01_unityclient	RigidbodyCollisionVisualizer	0
21360	ShipFrame01_unityclient	DeteriorateVisualizerClient	0
21360	ShipFrame01_unityclient	ParentMaterialPropertyController	1
21360	ShipFrame01_unityclient	ComponentMaterialProperties	1
21360	ShipFrame01_unityclient	ComponentMaterialColors	1
21360	ShipFrame01_unityclient	UidVisualizer	0
21360	ShipFrame01_unityclient	ShipImposter	1
21360	ShipFrame01_unityclient	ImposterController	1
21360	ShipFrame01_unityclient	ShipAtlasPulseVisualizer	0
21360	ShipFrame01_unityclient	PersonalRespawnerPulseEffect	1
21360	ShipFrame01_unityclient	CraftableSpawningVisualizer	0
21360	ShipFrame01_unityclient	TrackedEntityLoadClientVisualizer	0
21360	ShipFrame01_unityclient	ShipCrashingSfxVisualiser	0
21360	ShipFrame01_unityclient	DockableVisualizer	0
21360	ShipFrame01_unityclient	CustomShipFrameVisualizer	0
21360	ShipFrame01_unityclient	ShipLoadedVerifier	0
21360	ShipFrame01_unityclient	LocationAnchorEntity	1
21360	ShipFrame01_unityclient	ShipRegisteredReviversVisualizer	0
21360	ShipFrame01_unityclient	SSPDeadReckoningVisualizer	0
21360	ShipFrame01_unityclient	TransformOffsetsRegistry	1
21360	ShipFrame01_unityclient	TransformParentHierarchyBehaviour	0
21360	ShipFrame01_unityclient	TransformChildHierarchyBehaviour	0
21361	ShipFrame01_unityworker	<Transform>	
21361	ShipFrame01_unityworker	TransformNature	1
21361	ShipFrame01_unityworker	ParentingMassAdderVisualizer	0
21361	ShipFrame01_unityworker	ShipLiftVisualizer	0
21361	ShipFrame01_unityworker	ShipReclaimVisualizer	0
21361	ShipFrame01_unityworker	ShipControlsVisualizer	0
21361	ShipFrame01_unityworker	ShipPhysicalityVisualizer	0
21361	ShipFrame01_unityworker	SelfRighteningVisualizer	0
21361	ShipFrame01_unityworker	WindPhysicsVisualizer	0
21361	ShipFrame01_unityworker	WallTorquePhysicsVisualizer	1
21361	ShipFrame01_unityworker	ShipControlVisualizer	0
21361	ShipFrame01_unityworker	DifferentialMovement	1
21361	ShipFrame01_unityworker	ShipMotionVisualizer	0
21361	ShipFrame01_unityworker	LightningAttractorVisualizer	0
21361	ShipFrame01_unityworker	ShipBoundsVisualizer	0
21361	ShipFrame01_unityworker	ShipDeckSpawningVisualizer	0
21361	ShipFrame01_unityworker	RigidbodyCollisionBehaviour	0
21361	ShipFrame01_unityworker	OnCollisionEnterDispatcher	1
21361	ShipFrame01_unityworker	OnCollisionStayDispatcher	1
21361	ShipFrame01_unityworker	RelativeParentBehaviour	1
21361	ShipFrame01_unityworker	RelativeParentMarker	1
21361	ShipFrame01_unityworker	OnCollisionExitDispatcher	1
21361	ShipFrame01_unityworker	DeteriorateVisualiser	0
21361	ShipFrame01_unityworker	FSimDummyShipReadersVisualizer	0
21361	ShipFrame01_unityworker	WorldEdgePushback	0
21361	ShipFrame01_unityworker	ShipPositionDebugger	1
21361	ShipFrame01_unityworker	ShipAbandonedBehaviour	0
21361	ShipFrame01_unityworker	DockableVisualizer	0
21361	ShipFrame01_unityworker	CustomShipFrameVisualizer	0
21361	ShipFrame01_unityworker	ShipLoadedVerifier	0
21361	ShipFrame01_unityworker	LocationAnchorEntity	1
21361	ShipFrame01_unityworker	ShipRegisteredReviversVisualizer	0
21361	ShipFrame01_unityworker	SSPDeadReckoningBehaviour	0
21361	ShipFrame01_unityworker	SSPDeadReckoningVisualizer	0
21361	ShipFrame01_unityworker	TransformOffsetsRegistry	1
21361	ShipFrame01_unityworker	TransformParentHierarchyBehaviour	0
21361	ShipFrame01_unityworker	TransformChildHierarchyBehaviour	0
21361	ShipFrame01_unityworker	ParentEntityBehaviour	0
21362	ShipFrameGhost_unityclient	<Transform>	
21362	ShipFrameGhost_unityclient	<Rigidbody>	
21362	ShipFrameGhost_unityclient	TransformNature	1
21362	ShipFrameGhost_unityclient	TransformOffsetsRegistry	1
21362	ShipFrameGhost_unityclient	TransformParentHierarchyBehaviour	0
21362	ShipFrameGhost_unityclient	TransformChildHierarchyBehaviour	0
21362	ShipFrameGhost_unityclient	ExactGlobalTransformBehaviour	0
21362	ShipFrameGhost_unityclient	ExactLocalTransformBehaviour	0
21363	ShipFrameGhost_unityworker	<Transform>	
21363	ShipFrameGhost_unityworker	<Rigidbody>	
21363	ShipFrameGhost_unityworker	TransformNature	1
21363	ShipFrameGhost_unityworker	TransformOffsetsRegistry	1
21363	ShipFrameGhost_unityworker	TransformParentHierarchyBehaviour	0
21363	ShipFrameGhost_unityworker	TransformChildHierarchyBehaviour	0
21363	ShipFrameGhost_unityworker	ExactGlobalTransformBehaviour	0
21363	ShipFrameGhost_unityworker	ExactLocalTransformBehaviour	0
21363	ShipFrameGhost_unityworker	LocalTransformUpdaterBehaviour	0
21363	ShipFrameGhost_unityworker	LocalTransformTeleportBehaviour	0
21363	ShipFrameGhost_unityworker	ParentEntityBehaviour	0
24650	Shipyard_Folding	<Transform>	
24650	Shipyard_Folding	<Animator>	
24650	Shipyard_Folding	MaterialPropertyBlockUpdater	1
24651	Shipyard_Folding	<Transform>	
24651	Shipyard_Folding	<Animator>	
26713	shipyard_dome	<Transform>	
26713	shipyard_dome	ShipyardDomeTrigger	1
26713	shipyard_dome	<SphereCollider>	
26713	shipyard_dome	SphereColliderAudio	1
26713	shipyard_dome	ScannableGUID	1
29028	ShipFrame02_unityclient	<Transform>	
29028	ShipFrame02_unityclient	TransformNature	1
29028	ShipFrame02_unityclient	ParentingMassAdderVisualizer	0
29028	ShipFrame02_unityclient	ShipLiftVisualizer	0
29028	ShipFrame02_unityclient	ShipReclaimVisualizer	0
29028	ShipFrame02_unityclient	ShipControlsVisualizer	0
29028	ShipFrame02_unityclient	SalvageableItemVisualiser	0
29028	ShipFrame02_unityclient	FuelVisualizer	0
29028	ShipFrame02_unityclient	OriginalMassVisualizer	0
29028	ShipFrame02_unityclient	ShipControlInputVisualizer	0
29028	ShipFrame02_unityclient	LightningGeneratorVisualizer	0
29028	ShipFrame02_unityclient	LightningStrikableVisualizer	0
29028	ShipFrame02_unityclient	RigidbodyCollisionVisualizer	0
29028	ShipFrame02_unityclient	DeteriorateVisualizerClient	0
29028	ShipFrame02_unityclient	ParentMaterialPropertyController	1
29028	ShipFrame02_unityclient	ComponentMaterialProperties	1
29028	ShipFrame02_unityclient	ComponentMaterialColors	1
29028	ShipFrame02_unityclient	UidVisualizer	0
29028	ShipFrame02_unityclient	ShipImposter	1
29028	ShipFrame02_unityclient	ImposterController	1
29028	ShipFrame02_unityclient	ShipAtlasPulseVisualizer	0
29028	ShipFrame02_unityclient	PersonalRespawnerPulseEffect	1
29028	ShipFrame02_unityclient	CraftableSpawningVisualizer	0
29028	ShipFrame02_unityclient	TrackedEntityLoadClientVisualizer	0
29028	ShipFrame02_unityclient	ShipCrashingSfxVisualiser	0
29028	ShipFrame02_unityclient	DockableVisualizer	0
29028	ShipFrame02_unityclient	CustomShipFrameVisualizer	0
29028	ShipFrame02_unityclient	ShipLoadedVerifier	0
29028	ShipFrame02_unityclient	LocationAnchorEntity	1
29028	ShipFrame02_unityclient	ShipRegisteredReviversVisualizer	0
29028	ShipFrame02_unityclient	SSPDeadReckoningVisualizer	0
29028	ShipFrame02_unityclient	TransformOffsetsRegistry	1
29028	ShipFrame02_unityclient	TransformParentHierarchyBehaviour	0
29028	ShipFrame02_unityclient	TransformChildHierarchyBehaviour	0
29029	ShipFrame02_unityworker	<Transform>	
29029	ShipFrame02_unityworker	TransformNature	1
29029	ShipFrame02_unityworker	ParentingMassAdderVisualizer	0
29029	ShipFrame02_unityworker	ShipLiftVisualizer	0
29029	ShipFrame02_unityworker	ShipReclaimVisualizer	0
29029	ShipFrame02_unityworker	ShipControlsVisualizer	0
29029	ShipFrame02_unityworker	ShipPhysicalityVisualizer	0
29029	ShipFrame02_unityworker	SelfRighteningVisualizer	0
29029	ShipFrame02_unityworker	WindPhysicsVisualizer	0
29029	ShipFrame02_unityworker	WallTorquePhysicsVisualizer	1
29029	ShipFrame02_unityworker	ShipControlVisualizer	0
29029	ShipFrame02_unityworker	DifferentialMovement	1
29029	ShipFrame02_unityworker	ShipMotionVisualizer	0
29029	ShipFrame02_unityworker	LightningAttractorVisualizer	0
29029	ShipFrame02_unityworker	ShipBoundsVisualizer	0
29029	ShipFrame02_unityworker	ShipDeckSpawningVisualizer	0
29029	ShipFrame02_unityworker	RigidbodyCollisionBehaviour	0
29029	ShipFrame02_unityworker	OnCollisionEnterDispatcher	1
29029	ShipFrame02_unityworker	OnCollisionStayDispatcher	1
29029	ShipFrame02_unityworker	RelativeParentBehaviour	1
29029	ShipFrame02_unityworker	RelativeParentMarker	1
29029	ShipFrame02_unityworker	OnCollisionExitDispatcher	1
29029	ShipFrame02_unityworker	DeteriorateVisualiser	0
29029	ShipFrame02_unityworker	FSimDummyShipReadersVisualizer	0
29029	ShipFrame02_unityworker	WorldEdgePushback	0
29029	ShipFrame02_unityworker	ShipPositionDebugger	1
29029	ShipFrame02_unityworker	ShipAbandonedBehaviour	0
29029	ShipFrame02_unityworker	DockableVisualizer	0
29029	ShipFrame02_unityworker	CustomShipFrameVisualizer	0
29029	ShipFrame02_unityworker	ShipLoadedVerifier	0
29029	ShipFrame02_unityworker	LocationAnchorEntity	1
29029	ShipFrame02_unityworker	ShipRegisteredReviversVisualizer	0
29029	ShipFrame02_unityworker	SSPDeadReckoningBehaviour	0
29029	ShipFrame02_unityworker	SSPDeadReckoningVisualizer	0
29029	ShipFrame02_unityworker	TransformOffsetsRegistry	1
29029	ShipFrame02_unityworker	TransformParentHierarchyBehaviour	0
29029	ShipFrame02_unityworker	TransformChildHierarchyBehaviour	0
29029	ShipFrame02_unityworker	ParentEntityBehaviour	0
31238	Traveller_unityclient	<Transform>	
31238	Traveller_unityclient	BoneAnimationReader	0
31238	Traveller_unityclient	PlayerVisualizer	0
31238	Traveller_unityclient	CharacterCustomisationVisualizer	0
31238	Traveller_unityclient	PlayerNameVisualizer	0
31238	Traveller_unityclient	FSimShotRequestProcessor	0
31238	Traveller_unityclient	CharacterRigSwitch	1
31238	Traveller_unityclient	ReplicatedMultitoolVisualizer	0
31238	Traveller_unityclient	ReplicatedScannerToolVisualizer	0
31238	Traveller_unityclient	PlayerPistolVisualizer	0
31238	Traveller_unityclient	FixedUpdateTransformNature	1
31238	Traveller_unityclient	NonPooling	1
31238	Traveller_unityclient	<Rigidbody>	
31238	Traveller_unityclient	WindControlRegistration	1
31238	Traveller_unityclient	UtilitySlotActivatedVisualizer	0
31238	Traveller_unityclient	MountedGunShooterVisualizer	0
31238	Traveller_unityclient	PlayerAudioController	0
31238	Traveller_unityclient	PlayerMusicalInstrumentVisualizer	0
31238	Traveller_unityclient	NonLocalPlayerRespawnVisualizer	0
31238	Traveller_unityclient	ComponentMaterialProperties	1
31238	Traveller_unityclient	RemotePlayerLayerHack	1
31238	Traveller_unityclient	MusicalInstrumentRemoteVisualizer	0
31238	Traveller_unityclient	SlotsVisualiser	1
31238	Traveller_unityclient	TransformOffsetsRegistry	1
31238	Traveller_unityclient	PlayerGenderVisualizer	0
31238	Traveller_unityclient	PlayerObserverCamVisualizer	0
31238	Traveller_unityclient	TransformParentHierarchyBehaviour	0
31238	Traveller_unityclient	RelativeParentTransformChildHierarchyBehaviour	0
31239	Traveller_unityworker	<Transform>	
31239	Traveller_unityworker	PlayerVisualizer	0
31239	Traveller_unityworker	CharacterCustomisationVisualizer	0
31239	Traveller_unityworker	FSimShotRequestProcessor	0
31239	Traveller_unityworker	CharacterRigSwitch	1
31239	Traveller_unityworker	FixedUpdateTransformNature	1
31239	Traveller_unityworker	NonPooling	1
31239	Traveller_unityworker	<Rigidbody>	
31239	Traveller_unityworker	WindControlRegistration	1
31239	Traveller_unityworker	UtilitySlotActivatedVisualizer	0
31239	Traveller_unityworker	MountedGunShooterVisualizer	0
31239	Traveller_unityworker	PlayerAudioController	0
31239	Traveller_unityworker	PhysicsLagPingReceiver	0
31239	Traveller_unityworker	RopeFsimSynchronizer	0
31239	Traveller_unityworker	PlayerShipParentingVisualizer	0
31239	Traveller_unityworker	DevelopmentCommandOutputObserver	0
31239	Traveller_unityworker	FsimFpsObserver	0
31239	Traveller_unityworker	PlayerPushVisualizer	0
31239	Traveller_unityworker	FSimTimeBehaviour	0
31239	Traveller_unityworker	EacFsimPlayerBehaviour	0
31239	Traveller_unityworker	FSIMPlayerHealthBehaviour	0
31239	Traveller_unityworker	PilotPhysicsVisualizer	0
31239	Traveller_unityworker	SlotsVisualiser	1
31239	Traveller_unityworker	TransformOffsetsRegistry	1
31239	Traveller_unityworker	PlayerGenderVisualizer	0
31239	Traveller_unityworker	PlayerObserverCamVisualizer	0
31239	Traveller_unityworker	TransformParentHierarchyBehaviour	0
31239	Traveller_unityworker	RelativeParentTransformChildHierarchyBehaviour	0
31239	Traveller_unityworker	ParentEntityBehaviour	0
34156	ShipFrame_unityclient	<Transform>	
34156	ShipFrame_unityclient	MeshGenerator	1
34156	ShipFrame_unityclient	<Rigidbody>	
34156	ShipFrame_unityclient	Ship	1
34156	ShipFrame_unityclient	ShipVisualizer	0
34156	ShipFrame_unityclient	FixedUpdateTransformNature	1
34156	ShipFrame_unityclient	CraftedItemMaterialVisualizer	0
34156	ShipFrame_unityclient	NonPooling	1
34156	ShipFrame_unityclient	ShipAmbientSfxVisualizer	1
34156	ShipFrame_unityclient	ParentingMassAdderVisualizer	0
34156	ShipFrame_unityclient	ShipLiftVisualizer	0
34156	ShipFrame_unityclient	ShipReclaimVisualizer	0
34156	ShipFrame_unityclient	ShipControlsVisualizer	0
34156	ShipFrame_unityclient	SalvageableItemVisualiser	0
34156	ShipFrame_unityclient	FuelVisualizer	0
34156	ShipFrame_unityclient	OriginalMassVisualizer	0
34156	ShipFrame_unityclient	ShipControlInputVisualizer	0
34156	ShipFrame_unityclient	LightningGeneratorVisualizer	0
34156	ShipFrame_unityclient	LightningStrikableVisualizer	0
34156	ShipFrame_unityclient	RigidbodyCollisionVisualizer	0
34156	ShipFrame_unityclient	DeteriorateVisualizerClient	0
34156	ShipFrame_unityclient	ParentMaterialPropertyController	1
34156	ShipFrame_unityclient	ComponentMaterialProperties	1
34156	ShipFrame_unityclient	ComponentMaterialColors	1
34156	ShipFrame_unityclient	UidVisualizer	0
34156	ShipFrame_unityclient	ShipImposter	1
34156	ShipFrame_unityclient	ImposterController	1
34156	ShipFrame_unityclient	ShipAtlasPulseVisualizer	0
34156	ShipFrame_unityclient	PersonalRespawnerPulseEffect	1
34156	ShipFrame_unityclient	CraftableSpawningVisualizer	0
34156	ShipFrame_unityclient	TrackedEntityLoadClientVisualizer	0
34156	ShipFrame_unityclient	ShipCrashingSfxVisualiser	0
34156	ShipFrame_unityclient	DockableVisualizer	0
34156	ShipFrame_unityclient	CustomShipFrameVisualizer	0
34156	ShipFrame_unityclient	ShipLoadedVerifier	0
34156	ShipFrame_unityclient	LocationAnchorEntity	1
34156	ShipFrame_unityclient	ShipRegisteredReviversVisualizer	0
34156	ShipFrame_unityclient	SSPDeadReckoningVisualizer	0
34156	ShipFrame_unityclient	TransformOffsetsRegistry	1
34156	ShipFrame_unityclient	TransformParentHierarchyBehaviour	0
34156	ShipFrame_unityclient	RelativeParentTransformChildHierarchyBehaviour	0
34156	ShipFrame_unityclient	TransformManageRigidbodyBehaviour	0
34156	ShipFrame_unityclient	TrackedEntityLoadClientVisualizer	0
34157	ShipFrame_unityworker	<Transform>	
34157	ShipFrame_unityworker	MeshGenerator	1
34157	ShipFrame_unityworker	<Rigidbody>	
34157	ShipFrame_unityworker	Ship	1
34157	ShipFrame_unityworker	ShipVisualizer	0
34157	ShipFrame_unityworker	FixedUpdateTransformNature	1
34157	ShipFrame_unityworker	NonPooling	1
34157	ShipFrame_unityworker	ParentingMassAdderVisualizer	0
34157	ShipFrame_unityworker	ShipLiftVisualizer	0
34157	ShipFrame_unityworker	ShipReclaimVisualizer	0
34157	ShipFrame_unityworker	ShipControlsVisualizer	0
34157	ShipFrame_unityworker	ShipPhysicalityVisualizer	0
34157	ShipFrame_unityworker	SelfRighteningVisualizer	0
34157	ShipFrame_unityworker	WindPhysicsVisualizer	0
34157	ShipFrame_unityworker	WallTorquePhysicsVisualizer	1
34157	ShipFrame_unityworker	ShipControlVisualizer	0
34157	ShipFrame_unityworker	DifferentialMovement	1
34157	ShipFrame_unityworker	ShipMotionVisualizer	0
34157	ShipFrame_unityworker	LightningAttractorVisualizer	0
34157	ShipFrame_unityworker	ShipBoundsVisualizer	0
34157	ShipFrame_unityworker	ShipDeckSpawningVisualizer	0
34157	ShipFrame_unityworker	RigidbodyCollisionBehaviour	0
34157	ShipFrame_unityworker	OnCollisionEnterDispatcher	1
34157	ShipFrame_unityworker	OnCollisionStayDispatcher	1
34157	ShipFrame_unityworker	RelativeParentBehaviour	1
34157	ShipFrame_unityworker	RelativeParentMarker	1
34157	ShipFrame_unityworker	OnCollisionExitDispatcher	1
34157	ShipFrame_unityworker	DeteriorateVisualiser	0
34157	ShipFrame_unityworker	FSimDummyShipReadersVisualizer	0
34157	ShipFrame_unityworker	WorldEdgePushback	0
34157	ShipFrame_unityworker	ShipPositionDebugger	1
34157	ShipFrame_unityworker	ShipAbandonedBehaviour	0
34157	ShipFrame_unityworker	DockableVisualizer	0
34157	ShipFrame_unityworker	CustomShipFrameVisualizer	0
34157	ShipFrame_unityworker	ShipLoadedVerifier	0
34157	ShipFrame_unityworker	LocationAnchorEntity	1
34157	ShipFrame_unityworker	ShipRegisteredReviversVisualizer	0
34157	ShipFrame_unityworker	SSPDeadReckoningBehaviour	0
34157	ShipFrame_unityworker	SSPDeadReckoningVisualizer	0
34157	ShipFrame_unityworker	TransformOffsetsRegistry	1
34157	ShipFrame_unityworker	TransformParentHierarchyBehaviour	0
34157	ShipFrame_unityworker	RelativeParentTransformChildHierarchyBehaviour	0
34157	ShipFrame_unityworker	TransformManageRigidbodyBehaviour	0
34157	ShipFrame_unityworker	RelativeParentTransformUpdater	0
34157	ShipFrame_unityworker	LocalTransformTeleportBehaviour	0
34157	ShipFrame_unityworker	ParentEntityBehaviour	0
34157	ShipFrame_unityworker	RelativeParentOverrideToGlobalBehaviour	0
34157	ShipFrame_unityworker	RelativeParentBehaviour	1
34157	ShipFrame_unityworker	RelativeParentMarker	1
34157	ShipFrame_unityworker	PerformanceImpactEstimate	1
34157	ShipFrame_unityworker	PlayerImportance	1
64365	Traveller@Player	<Transform>	
64365	Traveller@Player	CharacterCustomisationVisualizer	1
64365	Traveller@Player	CharacterRigSwitch	1
64386	VFX_Shipyard_Atomizer	<Transform>	
65348	Traveller@Player_unityclient	<Transform>	
65348	Traveller@Player_unityclient	LocalPlayerInit	0
65348	Traveller@Player_unityclient	CharacterCustomisationVisualizer	0
65348	Traveller@Player_unityclient	LeftArmAiming	0
65348	Traveller@Player_unityclient	CameraLinkVisualizer	1
65348	Traveller@Player_unityclient	RigidbodyBehaviour	1
65348	Traveller@Player_unityclient	PlayerCameraSubModeSwitch	1
65348	Traveller@Player_unityclient	ImpactObserver	0
65348	Traveller@Player_unityclient	CharacterRigSwitch	1
65348	Traveller@Player_unityclient	InputBehaviour	1
65348	Traveller@Player_unityclient	PlayerInputSetup	1
65348	Traveller@Player_unityclient	WindControlRegistration	1
65348	Traveller@Player_unityclient	BouyantPlayer	1
65348	Traveller@Player_unityclient	QuestGivingManager	1
65348	Traveller@Player_unityclient	ComponentMaterialProperties	1
65348	Traveller@Player_unityclient	PlayerLookingAt	1
65348	Traveller@Player_unityclient	ClientAuthoritativePlayerMovement	0
65348	Traveller@Player_unityclient	GearWearablesVisualizer	0
65348	Traveller@Player_unityclient	LeftArmAimingVisualizer	0
65348	Traveller@Player_unityclient	TeleportTransformVisualizer	0
65348	Traveller@Player_unityclient	TreeCuttingBehaviour	0
65348	Traveller@Player_unityclient	PlayerNameVisualizer	0
65348	Traveller@Player_unityclient	PlayerMultitoolVisualizer	0
65348	Traveller@Player_unityclient	PlayerEquipmentVisualizer	0
65348	Traveller@Player_unityclient	ScanningAgentVisualizer	0
65348	Traveller@Player_unityclient	PlayerScannerToolVisualizer	0
65348	Traveller@Player_unityclient	ScannerToolBehaviour	0
65348	Traveller@Player_unityclient	PlayerPistolBehaviour	0
65348	Traveller@Player_unityclient	PlayerMusicalInstrumentBehaviour	0
65348	Traveller@Player_unityclient	ImprobablePrefabProvider	1
65348	Traveller@Player_unityclient	PlayerPlacementToolBehaviour	0
65348	Traveller@Player_unityclient	PlacementPreview	1
65348	Traveller@Player_unityclient	ShipPartPlacement	1
65348	Traveller@Player_unityclient	NonPooling	1
65348	Traveller@Player_unityclient	FixedUpdateTransformNature	1
65348	Traveller@Player_unityclient	TransformOffsetsRegistry	1
65348	Traveller@Player_unityclient	TransformParentHierarchyBehaviour	0
65348	Traveller@Player_unityclient	RelativeParentTransformChildHierarchyBehaviour	0
65348	Traveller@Player_unityclient	FixedUpdateExactLocalTransformBehaviour	0
65348	Traveller@Player_unityclient	LocalTransformUpdaterBehaviour	0
65348	Traveller@Player_unityclient	LocalTransformTeleportBehaviour	0
65348	Traveller@Player_unityclient	PlayerTutorialMessages	1
65348	Traveller@Player_unityclient	ItemPlacingBehaviour	0
65348	Traveller@Player_unityclient	UtilitySlotActivatedBehaviour	0
65348	Traveller@Player_unityclient	MountedGunShooterBehaviour	0
65348	Traveller@Player_unityclient	MountedGunShooterVisualizer	0
65348	Traveller@Player_unityclient	LorePiecesCollectorVisualizer	0
65348	Traveller@Player_unityclient	BuilderVisualizer	0
65348	Traveller@Player_unityclient	InventoryVisualiser	0
65348	Traveller@Player_unityclient	MyPlayerIdVisualizer	0
65348	Traveller@Player_unityclient	PilotVisualizer	0
65348	Traveller@Player_unityclient	WorldStateVisualizer	0
65348	Traveller@Player_unityclient	ChatVisualizer	0
65348	Traveller@Player_unityclient	CameraCursorControlsVisualiser	0
65348	Traveller@Player_unityclient	FSimLagDetectionBehaviour	0
65348	Traveller@Player_unityclient	GSimLagDetectionBehaviour	0
65348	Traveller@Player_unityclient	InteractAgentObserver	0
65348	Traveller@Player_unityclient	TimedInteractionController	1
65348	Traveller@Player_unityclient	SalvagerAimerObserver	0
65348	Traveller@Player_unityclient	PlayerCraftingInteractionBehaviour	0
65348	Traveller@Player_unityclient	ReferenceDataVisualiser	0
65348	Traveller@Player_unityclient	InventoryModificationBehaviour	0
65348	Traveller@Player_unityclient	InteractAgentVisualiser	0
65348	Traveller@Player_unityclient	PlayerExternalDataVisualizer	0
65348	Traveller@Player_unityclient	RopeObserver	0
65348	Traveller@Player_unityclient	PlayerFeedbackBehaviour	0
65348	Traveller@Player_unityclient	RespawnVisualizer	0
65348	Traveller@Player_unityclient	PlayerAttachedVisualizer	0
65348	Traveller@Player_unityclient	UIFocusObserver	1
65348	Traveller@Player_unityclient	ChatSpeak	0
65348	Traveller@Player_unityclient	BuilderObserver	0
65348	Traveller@Player_unityclient	ShipControlsBehaviour	0
65348	Traveller@Player_unityclient	CustomisationSenderVisualiser	0
65348	Traveller@Player_unityclient	PhotoBookVisualizer	0
65348	Traveller@Player_unityclient	HealthUIVisualizer	0
65348	Traveller@Player_unityclient	PlayerPropertiesVisualiser	0
65348	Traveller@Player_unityclient	PlayerPushBehaviour	0
65348	Traveller@Player_unityclient	PlayerAnalytics	0
65348	Traveller@Player_unityclient	LockAgentVisualizer	0
65348	Traveller@Player_unityclient	LogoutBehaviour	0
65348	Traveller@Player_unityclient	BossaEntityLoadingChecker	0
65348	Traveller@Player_unityclient	PlayerActivationVisualiser	0
65348	Traveller@Player_unityclient	ShipyardVisitorVisualizer	0
65348	Traveller@Player_unityclient	CameraSelectionVisualizer	0
65348	Traveller@Player_unityclient	ShipHullAgentVisualizer	0
65348	Traveller@Player_unityclient	PlayerShipBlueprintInteractionBehaviour	0
65348	Traveller@Player_unityclient	PlayerLocalTransformBehaviour	0
65348	Traveller@Player_unityclient	CrewManagementVisualiser	0
65348	Traveller@Player_unityclient	AllianceAndCrewVisualiser	0
65348	Traveller@Player_unityclient	QuestManager	0
65348	Traveller@Player_unityclient	MultitoolCraftingBehaviour	0
65348	Traveller@Player_unityclient	ShotValidationBehaviour	0
65348	Traveller@Player_unityclient	NewPlayerVisualiser	0
65348	Traveller@Player_unityclient	ToolBehaviour	0
65348	Traveller@Player_unityclient	PlayerBuffBehaviour	0
65348	Traveller@Player_unityclient	FeedbackVisualizer	0
65348	Traveller@Player_unityclient	ClientRigidbodyManager	1
65348	Traveller@Player_unityclient	CameraProxyLocator	1
65348	Traveller@Player_unityclient	FSimTimeVisualiser	0
65348	Traveller@Player_unityclient	ProxySchematicsDetectionBehaviour	0
65348	Traveller@Player_unityclient	EacClientPlayerBehaviour	0
65348	Traveller@Player_unityclient	PlayerHotbarVisualizer	0
65348	Traveller@Player_unityclient	AllianceClientBehaviour	0
65348	Traveller@Player_unityclient	CrewClientBehaviour	0
65348	Traveller@Player_unityclient	SlotsVisualiser	1
65348	Traveller@Player_unityclient	PlayerGenderVisualizer	0
65348	Traveller@Player_unityclient	PlayerObserverCamVisualizer	0
65349	Traveller@Player_unityworker	<Transform>	
65349	Traveller@Player_unityworker	LocalPlayerInit	0
65349	Traveller@Player_unityworker	CharacterCustomisationVisualizer	0
65349	Traveller@Player_unityworker	LeftArmAiming	0
65349	Traveller@Player_unityworker	CameraLinkVisualizer	1
65349	Traveller@Player_unityworker	RigidbodyBehaviour	1
65349	Traveller@Player_unityworker	PlayerCameraSubModeSwitch	1
65349	Traveller@Player_unityworker	CharacterRigSwitch	1
65349	Traveller@Player_unityworker	InputBehaviour	1
65349	Traveller@Player_unityworker	PlayerInputSetup	1
65349	Traveller@Player_unityworker	WindControlRegistration	1
65349	Traveller@Player_unityworker	BouyantPlayer	1
65349	Traveller@Player_unityworker	PlayerLookingAt	1
65349	Traveller@Player_unityworker	ClientAuthoritativePlayerMovement	0
65349	Traveller@Player_unityworker	GearWearablesVisualizer	0
65349	Traveller@Player_unityworker	LeftArmAimingVisualizer	0
65349	Traveller@Player_unityworker	TeleportTransformVisualizer	0
65349	Traveller@Player_unityworker	TreeCuttingBehaviour	0
65349	Traveller@Player_unityworker	ScanningAgentVisualizer	0
65349	Traveller@Player_unityworker	ImprobablePrefabProvider	1
65349	Traveller@Player_unityworker	PlacementPreview	1
65349	Traveller@Player_unityworker	ShipPartPlacement	1
65349	Traveller@Player_unityworker	NonPooling	1
65349	Traveller@Player_unityworker	FixedUpdateTransformNature	1
65349	Traveller@Player_unityworker	TransformOffsetsRegistry	1
65349	Traveller@Player_unityworker	TransformParentHierarchyBehaviour	0
65349	Traveller@Player_unityworker	RelativeParentTransformChildHierarchyBehaviour	0
65349	Traveller@Player_unityworker	ParentEntityBehaviour	0
65349	Traveller@Player_unityworker	PlayerTutorialMessages	1
65349	Traveller@Player_unityworker	UtilitySlotActivatedBehaviour	0
65349	Traveller@Player_unityworker	MountedGunShooterBehaviour	0
65349	Traveller@Player_unityworker	MountedGunShooterVisualizer	0
65349	Traveller@Player_unityworker	LorePiecesCollectorVisualizer	0
65349	Traveller@Player_unityworker	MyPlayerIdVisualizer	0
65349	Traveller@Player_unityworker	WorldStateVisualizer	0
65349	Traveller@Player_unityworker	ChatVisualizer	0
65349	Traveller@Player_unityworker	FSimLagDetectionBehaviour	0
65349	Traveller@Player_unityworker	GSimLagDetectionBehaviour	0
65349	Traveller@Player_unityworker	InteractAgentObserver	0
65349	Traveller@Player_unityworker	TimedInteractionController	1
65349	Traveller@Player_unityworker	SalvagerAimerObserver	0
65349	Traveller@Player_unityworker	InventoryModificationBehaviour	0
65349	Traveller@Player_unityworker	InteractAgentVisualiser	0
65349	Traveller@Player_unityworker	PlayerExternalDataVisualizer	0
65349	Traveller@Player_unityworker	RopeObserver	0
65349	Traveller@Player_unityworker	PlayerFeedbackBehaviour	0
65349	Traveller@Player_unityworker	RespawnVisualizer	0
65349	Traveller@Player_unityworker	PlayerAttachedVisualizer	0
65349	Traveller@Player_unityworker	UIFocusObserver	1
65349	Traveller@Player_unityworker	ChatSpeak	0
65349	Traveller@Player_unityworker	BuilderObserver	0
65349	Traveller@Player_unityworker	ShipControlsBehaviour	0
65349	Traveller@Player_unityworker	CustomisationSenderVisualiser	0
65349	Traveller@Player_unityworker	PhotoBookVisualizer	0
65349	Traveller@Player_unityworker	HealthUIVisualizer	0
65349	Traveller@Player_unityworker	PlayerPropertiesVisualiser	0
65349	Traveller@Player_unityworker	PlayerPushBehaviour	0
65349	Traveller@Player_unityworker	LockAgentVisualizer	0
65349	Traveller@Player_unityworker	LogoutBehaviour	0
65349	Traveller@Player_unityworker	BossaEntityLoadingChecker	0
65349	Traveller@Player_unityworker	PlayerActivationVisualiser	0
65349	Traveller@Player_unityworker	ShipyardVisitorVisualizer	0
65349	Traveller@Player_unityworker	CameraSelectionVisualizer	0
65349	Traveller@Player_unityworker	ShipHullAgentVisualizer	0
65349	Traveller@Player_unityworker	PlayerShipBlueprintInteractionBehaviour	0
65349	Traveller@Player_unityworker	PlayerLocalTransformBehaviour	0
65349	Traveller@Player_unityworker	CrewManagementVisualiser	0
65349	Traveller@Player_unityworker	AllianceAndCrewVisualiser	0
65349	Traveller@Player_unityworker	FSimTimeVisualiser	0
65349	Traveller@Player_unityworker	ProxySchematicsDetectionBehaviour	0
65349	Traveller@Player_unityworker	EacClientPlayerBehaviour	0
65349	Traveller@Player_unityworker	AllianceClientBehaviour	0
65349	Traveller@Player_unityworker	CrewClientBehaviour	0
65349	Traveller@Player_unityworker	PilotPhysicsVisualizer	0
65349	Traveller@Player_unityworker	SlotsVisualiser	1
65349	Traveller@Player_unityworker	PlayerGenderVisualizer	0
65349	Traveller@Player_unityworker	PlayerObserverCamVisualizer	0
68968	VFX_Shipyard_ObjectAtoms	<Transform>	
14517	ModularEngine_unityclient	<Transform>	
14517	ModularEngine_unityclient	FixedUpdateTransformNature	1
14517	ModularEngine_unityclient	<Rigidbody>	
14517	ModularEngine_unityclient	ModularShipPartVisualizer	0
14517	ModularEngine_unityclient	ComponentMaterialColors	1
14517	ModularEngine_unityclient	ComponentMaterialProperties	1
14517	ModularEngine_unityclient	JointDamageVisualizer	0
14517	ModularEngine_unityclient	ShipPartVisualizer	0
14517	ModularEngine_unityclient	DetachFromParentWhenUnderHealthThresholdVisualizer	0
14517	ModularEngine_unityclient	ParentingMassAdderVisualizer	0
14517	ModularEngine_unityclient	LightningStrikableVisualizer	0
14517	ModularEngine_unityclient	ShipPartShipyardInformationVisualizer	0
14517	ModularEngine_unityclient	CraftableSpawningVisualizer	0
14517	ModularEngine_unityclient	CraftedItemMaterialVisualizer	0
14517	ModularEngine_unityclient	RigidbodyCollisionVisualizer	0
14517	ModularEngine_unityclient	SalvageableItemVisualiser	0
14517	ModularEngine_unityclient	DissolvableEntity	1
14517	ModularEngine_unityclient	NormalizedItemHealthVisualizer	0
14517	ModularEngine_unityclient	ComponentDamage	1
14517	ModularEngine_unityclient	DeteriorateVisualizerClient	0
14517	ModularEngine_unityclient	ShipImposterEntity	1
14517	ModularEngine_unityclient	EntityLoadedVerifier	0
14517	ModularEngine_unityclient	ClientColliderCulling	1
14517	ModularEngine_unityclient	PlacementRules	1
14517	ModularEngine_unityclient	TransformOffsetsRegistry	1
14517	ModularEngine_unityclient	TransformParentHierarchyBehaviour	0
14517	ModularEngine_unityclient	RelativeParentTransformChildHierarchyBehaviour	0
14517	ModularEngine_unityclient	TransformManageRigidbodyBehaviour	0
14517	ModularEngine_unityclient	FixedUpdateLerpGlobalTransformBehaviour	0
14517	ModularEngine_unityclient	FixedUpdateLerpLocalTransformBehaviour	0
14517	ModularEngine_unityclient	LocalTransformUpdaterBehaviour	0
14517	ModularEngine_unityclient	LocalTransformTeleportBehaviour	0
14517	ModularEngine_unityclient	EngineVisualizer	0
14517	ModularEngine_unityclient	PlacementConstraint	1
14517	ModularEngine_unityclient	OverheatableEntity	1
14517	ModularEngine_unityclient	EngineVFX	0
14517	ModularEngine_unityclient	TrackedEntityLoadClientVisualizer	0
14518	ModularEngine_unityworker	<Transform>	
14518	ModularEngine_unityworker	FixedUpdateTransformNature	1
14518	ModularEngine_unityworker	<Rigidbody>	
14518	ModularEngine_unityworker	ModularShipPartVisualizer	0
14518	ModularEngine_unityworker	PlayerImportance	1
14518	ModularEngine_unityworker	JointDamageVisualizer	0
14518	ModularEngine_unityworker	ShipPartVisualizer	0
14518	ModularEngine_unityworker	DetachFromParentWhenUnderHealthThresholdVisualizer	0
14518	ModularEngine_unityworker	ParentingMassAdderVisualizer	0
14518	ModularEngine_unityworker	LightningStrikableVisualizer	0
14518	ModularEngine_unityworker	LiftableVisualizer	0
14518	ModularEngine_unityworker	RigidbodyCollisionBehaviour	0
14518	ModularEngine_unityworker	OnCollisionEnterDispatcher	1
14518	ModularEngine_unityworker	OnCollisionStayDispatcher	1
14518	ModularEngine_unityworker	WindPhysicsVisualizer	0
14518	ModularEngine_unityworker	ShipDamagePreventer	0
14518	ModularEngine_unityworker	ShipPartImpactDamageBlocker	0
14518	ModularEngine_unityworker	LayerDamageBlocker	1
14518	ModularEngine_unityworker	DeteriorateVisualiser	0
14518	ModularEngine_unityworker	OnCollisionExitDispatcher	1
14518	ModularEngine_unityworker	FSIMShipHealthBehaviour	0
14518	ModularEngine_unityworker	PlacementRules	1
14518	ModularEngine_unityworker	TransformOffsetsRegistry	1
14518	ModularEngine_unityworker	TransformParentHierarchyBehaviour	0
14518	ModularEngine_unityworker	RelativeParentTransformChildHierarchyBehaviour	0
14518	ModularEngine_unityworker	TransformManageRigidbodyBehaviour	0
14518	ModularEngine_unityworker	FixedUpdateExactGlobalTransformBehaviour	0
14518	ModularEngine_unityworker	FixedUpdateExactLocalTransformBehaviour	0
14518	ModularEngine_unityworker	RelativeParentTransformUpdater	0
14518	ModularEngine_unityworker	LocalTransformTeleportBehaviour	0
14518	ModularEngine_unityworker	ParentEntityBehaviour	0
14518	ModularEngine_unityworker	RelativeParentOverrideToGlobalBehaviour	0
14518	ModularEngine_unityworker	RelativeParentBehaviour	1
14518	ModularEngine_unityworker	RelativeParentMarker	1
14518	ModularEngine_unityworker	EngineVisualizer	0
14518	ModularEngine_unityworker	SandStormAffecteeBehaviour	0
14518	ModularEngine_unityworker	PerformanceImpactEstimate	1
47780	Sail01_unityclient	<Transform>	
47780	Sail01_unityclient	FixedUpdateTransformNature	1
47780	Sail01_unityclient	<Rigidbody>	
47780	Sail01_unityclient	InteractiveObjectVisualizer	0
47780	Sail01_unityclient	ComponentMaterialProperties	1
47780	Sail01_unityclient	ComponentMaterialColors	1
47780	Sail01_unityclient	JointDamageVisualizer	0
47780	Sail01_unityclient	ShipPartVisualizer	0
47780	Sail01_unityclient	DetachFromParentWhenUnderHealthThresholdVisualizer	0
47780	Sail01_unityclient	ParentingMassAdderVisualizer	0
47780	Sail01_unityclient	LightningStrikableVisualizer	0
47780	Sail01_unityclient	ShipPartShipyardInformationVisualizer	0
47780	Sail01_unityclient	CraftableSpawningVisualizer	0
47780	Sail01_unityclient	CraftedItemMaterialVisualizer	0
47780	Sail01_unityclient	RigidbodyCollisionVisualizer	0
47780	Sail01_unityclient	SalvageableItemVisualiser	0
47780	Sail01_unityclient	DissolvableEntity	1
47780	Sail01_unityclient	NormalizedItemHealthVisualizer	0
47780	Sail01_unityclient	ComponentDamage	1
47780	Sail01_unityclient	DeteriorateVisualizerClient	0
47780	Sail01_unityclient	ShipImposterEntity	1
47780	Sail01_unityclient	EntityLoadedVerifier	0
47780	Sail01_unityclient	ClientColliderCulling	1
47780	Sail01_unityclient	PlacementRules	1
47780	Sail01_unityclient	TransformOffsetsRegistry	1
47780	Sail01_unityclient	TransformParentHierarchyBehaviour	0
47780	Sail01_unityclient	RelativeParentTransformChildHierarchyBehaviour	0
47780	Sail01_unityclient	TransformManageRigidbodyBehaviour	0
47780	Sail01_unityclient	FixedUpdateLerpGlobalTransformBehaviour	0
47780	Sail01_unityclient	FixedUpdateLerpLocalTransformBehaviour	0
47780	Sail01_unityclient	LocalTransformUpdaterBehaviour	0
47780	Sail01_unityclient	LocalTransformTeleportBehaviour	0
47780	Sail01_unityclient	SailVisualizer	0
47780	Sail01_unityclient	PlacementConstraint	1
47780	Sail01_unityclient	PhysicsHingeVisualizer	0
47780	Sail01_unityclient	TrackedEntityLoadClientVisualizer	0
47781	Sail01_unityworker	<Transform>	
47781	Sail01_unityworker	FixedUpdateTransformNature	1
47781	Sail01_unityworker	<Rigidbody>	
47781	Sail01_unityworker	InteractiveObjectVisualizer	0
47781	Sail01_unityworker	PlayerImportance	1
47781	Sail01_unityworker	JointDamageVisualizer	0
47781	Sail01_unityworker	ShipPartVisualizer	0
47781	Sail01_unityworker	DetachFromParentWhenUnderHealthThresholdVisualizer	0
47781	Sail01_unityworker	ParentingMassAdderVisualizer	0
47781	Sail01_unityworker	LightningStrikableVisualizer	0
47781	Sail01_unityworker	LiftableVisualizer	0
47781	Sail01_unityworker	RigidbodyCollisionBehaviour	0
47781	Sail01_unityworker	OnCollisionEnterDispatcher	1
47781	Sail01_unityworker	OnCollisionStayDispatcher	1
47781	Sail01_unityworker	WindPhysicsVisualizer	0
47781	Sail01_unityworker	ShipDamagePreventer	0
47781	Sail01_unityworker	ShipPartImpactDamageBlocker	0
47781	Sail01_unityworker	LayerDamageBlocker	1
47781	Sail01_unityworker	DeteriorateVisualiser	0
47781	Sail01_unityworker	OnCollisionExitDispatcher	1
47781	Sail01_unityworker	FSIMShipHealthBehaviour	0
47781	Sail01_unityworker	PlacementRules	1
47781	Sail01_unityworker	TransformOffsetsRegistry	1
47781	Sail01_unityworker	TransformParentHierarchyBehaviour	0
47781	Sail01_unityworker	RelativeParentTransformChildHierarchyBehaviour	0
47781	Sail01_unityworker	TransformManageRigidbodyBehaviour	0
47781	Sail01_unityworker	FixedUpdateExactGlobalTransformBehaviour	0
47781	Sail01_unityworker	FixedUpdateExactLocalTransformBehaviour	0
47781	Sail01_unityworker	RelativeParentTransformUpdater	0
47781	Sail01_unityworker	LocalTransformTeleportBehaviour	0
47781	Sail01_unityworker	ParentEntityBehaviour	0
47781	Sail01_unityworker	RelativeParentOverrideToGlobalBehaviour	0
47781	Sail01_unityworker	RelativeParentBehaviour	1
47781	Sail01_unityworker	RelativeParentMarker	1
47781	Sail01_unityworker	SailBehaviour	0
47781	Sail01_unityworker	WindReceiverBehaviour	0
47781	Sail01_unityworker	PlacementConstraint	1
47781	Sail01_unityworker	PhysicsHingeBehaviour	0
47781	Sail01_unityworker	PerformanceImpactEstimate	1
47827	Deck01_unityclient	<Transform>	
47827	Deck01_unityclient	FixedUpdateTransformNature	1
47827	Deck01_unityclient	<Rigidbody>	
47827	Deck01_unityclient	ShipDeckVertices	1
47827	Deck01_unityclient	ShipDeckVisualizer	0
47827	Deck01_unityclient	ComponentMaterialColors	1
47827	Deck01_unityclient	ComponentMaterialProperties	1
47827	Deck01_unityclient	JointDamageVisualizer	0
47827	Deck01_unityclient	ShipPartVisualizer	0
47827	Deck01_unityclient	DetachFromParentWhenUnderHealthThresholdVisualizer	0
47827	Deck01_unityclient	ParentingMassAdderVisualizer	0
47827	Deck01_unityclient	LightningStrikableVisualizer	0
47827	Deck01_unityclient	ShipPartShipyardInformationVisualizer	0
47827	Deck01_unityclient	CraftableSpawningVisualizer	0
47827	Deck01_unityclient	CraftedItemMaterialVisualizer	0
47827	Deck01_unityclient	RigidbodyCollisionVisualizer	0
47827	Deck01_unityclient	SalvageableItemVisualiser	0
47827	Deck01_unityclient	DissolvableEntity	1
47827	Deck01_unityclient	NormalizedItemHealthVisualizer	0
47827	Deck01_unityclient	ComponentDamage	1
47827	Deck01_unityclient	DeteriorateVisualizerClient	0
47827	Deck01_unityclient	ShipImposterEntity	1
47827	Deck01_unityclient	EntityLoadedVerifier	0
47827	Deck01_unityclient	ClientColliderCulling	1
47827	Deck01_unityclient	PlacementRules	1
47827	Deck01_unityclient	TransformOffsetsRegistry	1
47827	Deck01_unityclient	TransformParentHierarchyBehaviour	0
47827	Deck01_unityclient	RelativeParentTransformChildHierarchyBehaviour	0
47827	Deck01_unityclient	TransformManageRigidbodyBehaviour	0
47827	Deck01_unityclient	FixedUpdateLerpGlobalTransformBehaviour	0
47827	Deck01_unityclient	FixedUpdateLerpLocalTransformBehaviour	0
47827	Deck01_unityclient	LocalTransformUpdaterBehaviour	0
47827	Deck01_unityclient	LocalTransformTeleportBehaviour	0
47827	Deck01_unityclient	TrackedEntityLoadClientVisualizer	0
47827	Deck01_unityclient	ShipDeckPlacement	1
47828	Deck01_unityworker	<Transform>	
47828	Deck01_unityworker	FixedUpdateTransformNature	1
47828	Deck01_unityworker	<Rigidbody>	
47828	Deck01_unityworker	ShipDeckVertices	1
47828	Deck01_unityworker	ShipDeckVisualizer	0
47828	Deck01_unityworker	PlayerImportance	1
47828	Deck01_unityworker	JointDamageVisualizer	0
47828	Deck01_unityworker	ShipPartVisualizer	0
47828	Deck01_unityworker	DetachFromParentWhenUnderHealthThresholdVisualizer	0
47828	Deck01_unityworker	ParentingMassAdderVisualizer	0
47828	Deck01_unityworker	LightningStrikableVisualizer	0
47828	Deck01_unityworker	LiftableVisualizer	0
47828	Deck01_unityworker	RigidbodyCollisionBehaviour	0
47828	Deck01_unityworker	OnCollisionEnterDispatcher	1
47828	Deck01_unityworker	OnCollisionStayDispatcher	1
47828	Deck01_unityworker	WindPhysicsVisualizer	0
47828	Deck01_unityworker	ShipDamagePreventer	0
47828	Deck01_unityworker	ShipPartImpactDamageBlocker	0
47828	Deck01_unityworker	LayerDamageBlocker	1
47828	Deck01_unityworker	DeteriorateVisualiser	0
47828	Deck01_unityworker	OnCollisionExitDispatcher	1
47828	Deck01_unityworker	FSIMShipHealthBehaviour	0
47828	Deck01_unityworker	PlacementRules	1
47828	Deck01_unityworker	TransformOffsetsRegistry	1
47828	Deck01_unityworker	TransformParentHierarchyBehaviour	0
47828	Deck01_unityworker	RelativeParentTransformChildHierarchyBehaviour	0
47828	Deck01_unityworker	TransformManageRigidbodyBehaviour	0
47828	Deck01_unityworker	FixedUpdateExactGlobalTransformBehaviour	0
47828	Deck01_unityworker	FixedUpdateExactLocalTransformBehaviour	0
47828	Deck01_unityworker	RelativeParentTransformUpdater	0
47828	Deck01_unityworker	LocalTransformTeleportBehaviour	0
47828	Deck01_unityworker	ParentEntityBehaviour	0
47828	Deck01_unityworker	RelativeParentOverrideToGlobalBehaviour	0
47828	Deck01_unityworker	RelativeParentBehaviour	1
47828	Deck01_unityworker	RelativeParentMarker	1
47828	Deck01_unityworker	PerformanceImpactEstimate	1
47828	Deck01_unityworker	ShipDeckPlacement	1
48772	Helm01_unityclient	<Transform>	
48772	Helm01_unityclient	FixedUpdateTransformNature	1
48772	Helm01_unityclient	<Rigidbody>	
48772	Helm01_unityclient	ComponentMaterialColors	1
48772	Helm01_unityclient	JointDamageVisualizer	0
48772	Helm01_unityclient	ShipPartVisualizer	0
48772	Helm01_unityclient	DetachFromParentWhenUnderHealthThresholdVisualizer	0
48772	Helm01_unityclient	ParentingMassAdderVisualizer	0
48772	Helm01_unityclient	LightningStrikableVisualizer	0
48772	Helm01_unityclient	ShipPartShipyardInformationVisualizer	0
48772	Helm01_unityclient	CraftableSpawningVisualizer	0
48772	Helm01_unityclient	CraftedItemMaterialVisualizer	0
48772	Helm01_unityclient	RigidbodyCollisionVisualizer	0
48772	Helm01_unityclient	SalvageableItemVisualiser	0
48772	Helm01_unityclient	DissolvableEntity	1
48772	Helm01_unityclient	NormalizedItemHealthVisualizer	0
48772	Helm01_unityclient	ComponentMaterialProperties	1
48772	Helm01_unityclient	ComponentDamage	1
48772	Helm01_unityclient	DeteriorateVisualizerClient	0
48772	Helm01_unityclient	ShipImposterEntity	1
48772	Helm01_unityclient	EntityLoadedVerifier	0
48772	Helm01_unityclient	ClientColliderCulling	1
48772	Helm01_unityclient	PlacementRules	1
48772	Helm01_unityclient	TransformOffsetsRegistry	1
48772	Helm01_unityclient	TransformParentHierarchyBehaviour	0
48772	Helm01_unityclient	RelativeParentTransformChildHierarchyBehaviour	0
48772	Helm01_unityclient	TransformManageRigidbodyBehaviour	0
48772	Helm01_unityclient	FixedUpdateLerpGlobalTransformBehaviour	0
48772	Helm01_unityclient	FixedUpdateLerpLocalTransformBehaviour	0
48772	Helm01_unityclient	LocalTransformUpdaterBehaviour	0
48772	Helm01_unityclient	LocalTransformTeleportBehaviour	0
48772	Helm01_unityclient	HelmVisualizer	0
48772	Helm01_unityclient	InteractiveObjectVisualizer	0
48772	Helm01_unityclient	ShipHelmPlacement	1
48772	Helm01_unityclient	TrackedEntityLoadClientVisualizer	0
48773	Helm01_unityworker	<Transform>	
48773	Helm01_unityworker	FixedUpdateTransformNature	1
48773	Helm01_unityworker	<Rigidbody>	
48773	Helm01_unityworker	PlayerImportance	1
48773	Helm01_unityworker	JointDamageVisualizer	0
48773	Helm01_unityworker	ShipPartVisualizer	0
48773	Helm01_unityworker	DetachFromParentWhenUnderHealthThresholdVisualizer	0
48773	Helm01_unityworker	ParentingMassAdderVisualizer	0
48773	Helm01_unityworker	LightningStrikableVisualizer	0
48773	Helm01_unityworker	LiftableVisualizer	0
48773	Helm01_unityworker	RigidbodyCollisionBehaviour	0
48773	Helm01_unityworker	OnCollisionEnterDispatcher	1
48773	Helm01_unityworker	OnCollisionStayDispatcher	1
48773	Helm01_unityworker	WindPhysicsVisualizer	0
48773	Helm01_unityworker	ShipDamagePreventer	0
48773	Helm01_unityworker	ShipPartImpactDamageBlocker	0
48773	Helm01_unityworker	LayerDamageBlocker	1
48773	Helm01_unityworker	DeteriorateVisualiser	0
48773	Helm01_unityworker	OnCollisionExitDispatcher	1
48773	Helm01_unityworker	FSIMShipHealthBehaviour	0
48773	Helm01_unityworker	PlacementRules	1
48773	Helm01_unityworker	TransformOffsetsRegistry	1
48773	Helm01_unityworker	TransformParentHierarchyBehaviour	0
48773	Helm01_unityworker	RelativeParentTransformChildHierarchyBehaviour	0
48773	Helm01_unityworker	TransformManageRigidbodyBehaviour	0
48773	Helm01_unityworker	FixedUpdateExactGlobalTransformBehaviour	0
48773	Helm01_unityworker	FixedUpdateExactLocalTransformBehaviour	0
48773	Helm01_unityworker	RelativeParentTransformUpdater	0
48773	Helm01_unityworker	LocalTransformTeleportBehaviour	0
48773	Helm01_unityworker	ParentEntityBehaviour	0
48773	Helm01_unityworker	RelativeParentOverrideToGlobalBehaviour	0
48773	Helm01_unityworker	RelativeParentBehaviour	1
48773	Helm01_unityworker	RelativeParentMarker	1
48773	Helm01_unityworker	ShipHelmPlacement	1
48773	Helm01_unityworker	PerformanceImpactEstimate	1
49494	Helm01Wooden	<Transform>	
49494	Helm01Wooden	FullBodyIKTargets	1
49494	Helm01Wooden	ShipHelmAnimator	1
54454	Helm01Metal	<Transform>	
54454	Helm01Metal	FullBodyIKTargets	1
54454	Helm01Metal	ShipHelmAnimator	1
58156	CoreMainLod_LOD2	<Transform>	
58156	CoreMainLod_LOD2	<MeshFilter>	
58156	CoreMainLod_LOD2	<MeshRenderer>	
58157	CoreMainLod_LOD2	<Transform>	
58960	Helm01Founder	<Transform>	
58960	Helm01Founder	FullBodyIKTargets	1
58960	Helm01Founder	ShipHelmAnimator	1
58960	Helm01Founder	MaterialPropertyBlockUpdater	1
58961	Helm01Founder	<Transform>	
58961	Helm01Founder	FullBodyIKTargets	1
77154	CoreMain_LOD0	<Transform>	
77154	CoreMain_LOD0	<Animator>	
77155	CoreMain_LOD0	<Transform>	
77155	CoreMain_LOD0	<Animator>	
83757	CoreMainLod_LOD1	<Transform>	
83757	CoreMainLod_LOD1	<MeshFilter>	
83757	CoreMainLod_LOD1	<MeshRenderer>	
83758	CoreMainLod_LOD1	<Transform>	
86484	CoreMainLod_LOD3	<Transform>	
86484	CoreMainLod_LOD3	<MeshFilter>	
86484	CoreMainLod_LOD3	<MeshRenderer>	
86485	CoreMainLod_LOD3	<Transform>	
91524	CoreMain_unityclient	<Transform>	
91524	CoreMain_unityclient	<LODGroup>	
91524	CoreMain_unityclient	FixedUpdateTransformNature	1
91524	CoreMain_unityclient	<Rigidbody>	
91524	CoreMain_unityclient	ComponentMaterialProperties	1
91524	CoreMain_unityclient	MaterialPropertyBlockUpdater	1
91524	CoreMain_unityclient	ComponentMaterialColors	1
91524	CoreMain_unityclient	JointDamageVisualizer	0
91524	CoreMain_unityclient	ShipPartVisualizer	0
91524	CoreMain_unityclient	DetachFromParentWhenUnderHealthThresholdVisualizer	0
91524	CoreMain_unityclient	ParentingMassAdderVisualizer	0
91524	CoreMain_unityclient	LightningStrikableVisualizer	0
91524	CoreMain_unityclient	ShipPartShipyardInformationVisualizer	0
91524	CoreMain_unityclient	CraftableSpawningVisualizer	0
91524	CoreMain_unityclient	CraftedItemMaterialVisualizer	0
91524	CoreMain_unityclient	RigidbodyCollisionVisualizer	0
91524	CoreMain_unityclient	SalvageableItemVisualiser	0
91524	CoreMain_unityclient	DissolvableEntity	1
91524	CoreMain_unityclient	NormalizedItemHealthVisualizer	0
91524	CoreMain_unityclient	ComponentDamage	1
91524	CoreMain_unityclient	DeteriorateVisualizerClient	0
91524	CoreMain_unityclient	ShipImposterEntity	1
91524	CoreMain_unityclient	EntityLoadedVerifier	0
91524	CoreMain_unityclient	ClientColliderCulling	1
91524	CoreMain_unityclient	PlacementRules	1
91524	CoreMain_unityclient	TransformOffsetsRegistry	1
91524	CoreMain_unityclient	TransformParentHierarchyBehaviour	0
91524	CoreMain_unityclient	RelativeParentTransformChildHierarchyBehaviour	0
91524	CoreMain_unityclient	TransformManageRigidbodyBehaviour	0
91524	CoreMain_unityclient	FixedUpdateLerpGlobalTransformBehaviour	0
91524	CoreMain_unityclient	FixedUpdateLerpLocalTransformBehaviour	0
91524	CoreMain_unityclient	LocalTransformUpdaterBehaviour	0
91524	CoreMain_unityclient	LocalTransformTeleportBehaviour	0
91524	CoreMain_unityclient	ShipCoreVisualizer	0
91524	CoreMain_unityclient	InteractiveObjectVisualizer	0
91524	CoreMain_unityclient	TrackedEntityLoadClientVisualizer	0
91525	CoreMain_unityworker	<Transform>	
91525	CoreMain_unityworker	FixedUpdateTransformNature	1
91525	CoreMain_unityworker	<Rigidbody>	
91525	CoreMain_unityworker	PlayerImportance	1
91525	CoreMain_unityworker	JointDamageVisualizer	0
91525	CoreMain_unityworker	ShipPartVisualizer	0
91525	CoreMain_unityworker	DetachFromParentWhenUnderHealthThresholdVisualizer	0
91525	CoreMain_unityworker	ParentingMassAdderVisualizer	0
91525	CoreMain_unityworker	LightningStrikableVisualizer	0
91525	CoreMain_unityworker	LiftableVisualizer	0
91525	CoreMain_unityworker	RigidbodyCollisionBehaviour	0
91525	CoreMain_unityworker	OnCollisionEnterDispatcher	1
91525	CoreMain_unityworker	OnCollisionStayDispatcher	1
91525	CoreMain_unityworker	WindPhysicsVisualizer	0
91525	CoreMain_unityworker	ShipDamagePreventer	0
91525	CoreMain_unityworker	ShipPartImpactDamageBlocker	0
91525	CoreMain_unityworker	LayerDamageBlocker	1
91525	CoreMain_unityworker	DeteriorateVisualiser	0
91525	CoreMain_unityworker	OnCollisionExitDispatcher	1
91525	CoreMain_unityworker	FSIMShipHealthBehaviour	0
91525	CoreMain_unityworker	PlacementRules	1
91525	CoreMain_unityworker	TransformOffsetsRegistry	1
91525	CoreMain_unityworker	TransformParentHierarchyBehaviour	0
91525	CoreMain_unityworker	RelativeParentTransformChildHierarchyBehaviour	0
91525	CoreMain_unityworker	TransformManageRigidbodyBehaviour	0
91525	CoreMain_unityworker	FixedUpdateExactGlobalTransformBehaviour	0
91525	CoreMain_unityworker	FixedUpdateExactLocalTransformBehaviour	0
91525	CoreMain_unityworker	RelativeParentTransformUpdater	0
91525	CoreMain_unityworker	LocalTransformTeleportBehaviour	0
91525	CoreMain_unityworker	ParentEntityBehaviour	0
91525	CoreMain_unityworker	RelativeParentOverrideToGlobalBehaviour	0
91525	CoreMain_unityworker	RelativeParentBehaviour	1
91525	CoreMain_unityworker	RelativeParentMarker	1
91525	CoreMain_unityworker	PerformanceImpactEstimate	1
71100	HavenRuinedShipRespawner_unityclient	<Transform>	
71100	HavenRuinedShipRespawner_unityclient	TransformNature	1
71100	HavenRuinedShipRespawner_unityclient	TransformOffsetsRegistry	1
71100	HavenRuinedShipRespawner_unityclient	TransformParentHierarchyBehaviour	0
71100	HavenRuinedShipRespawner_unityclient	TransformChildHierarchyBehaviour	0
71100	HavenRuinedShipRespawner_unityclient	StaticGlobalTransformBehaviour	0
71100	HavenRuinedShipRespawner_unityclient	StaticLocalTransformBehaviour	0
71100	HavenRuinedShipRespawner_unityclient	ScannableGUID	1
71100	HavenRuinedShipRespawner_unityclient	BlockItemPlacement	1
71101	HavenRuinedShipRespawner_unityworker	<Transform>	
71101	HavenRuinedShipRespawner_unityworker	TransformNature	1
71101	HavenRuinedShipRespawner_unityworker	TransformOffsetsRegistry	1
71101	HavenRuinedShipRespawner_unityworker	TransformParentHierarchyBehaviour	0
71101	HavenRuinedShipRespawner_unityworker	TransformChildHierarchyBehaviour	0
71101	HavenRuinedShipRespawner_unityworker	StaticGlobalTransformBehaviour	0
71101	HavenRuinedShipRespawner_unityworker	StaticLocalTransformBehaviour	0
71101	HavenRuinedShipRespawner_unityworker	ParentEntityBehaviour	0
